{
  "name": "production-eng-service",
  "image": "mcr.microsoft.com/devcontainers/universal:2",
  "features": {
    "ghcr.io/devcontainers/features/java:1": {
      "version": "21"
    },
    "ghcr.io/devcontainers/features/docker-in-docker:2": {}
  },
  "customizations": {
    "vscode": {
      "extensions": [
        "vscjava.vscode-java-pack",
        "ms-azuretools.vscode-docker",
        "ms-vscode.makefile-tools",
        "ritwickdey.LiveServer",
        "humao.rest-client",
        "vscjava.vscode-gradle"
      ]
    }
  },
  "forwardPorts": [8080]
}
